,Method,Task 1 MSE,Task 1 Med MSE,Task 1 Avg Regret,Task 1 Med Regret,Task 1 Avg Relative Regret,Task 1 Med Relative Regret,Task 1 Optimality Rate,Task 2 MSE,Task 2 Med MSE,Task 2 Avg Regret,Task 2 Med Regret,Task 2 Avg Relative Regret,Task 2 Med Relative Regret,Task 2 Optimality Rate,Task 3 MSE,Task 3 Med MSE,Task 3 Avg Regret,Task 3 Med Regret,Task 3 Avg Relative Regret,Task 3 Med Relative Regret,Task 3 Optimality Rate,Elapsed,Elapsed Val,Task 1 Best MSE Count,Task 1 Best Regret Count,Task 2 Best MSE Count,Task 2 Best Regret Count,Task 3 Best MSE Count,Task 3 Best Regret Count
0,separated,23.060577,23.90028,5.1826318359375,3.60107421875,0.19988346611177707,0.11286462008209244,0.006,8.522638,7.939314,5.2494755859375,3.40185546875,0.1584544701791553,0.10432836051708787,0.009,13.293458,13.398531,7.5795185546875,4.40625,0.313314516572063,0.13693003234337117,0.01,20079.961748361588,0,5,570,50,469,151,472
1,comb,13.343182,13.52925,7.6123466796875,5.70458984375,0.301324132255426,0.19462481151720823,0.005,11.265008,10.31741,4.7131962890625,2.90478515625,0.14136088784672377,0.08429713080775064,0.006,12.782605,13.073793,6.46248828125,3.2578125,0.2661626350975942,0.11659427386976604,0.009,19175.13419985771,0,1,405,15,566,222,508
2,gradnorm,9.669139,9.76931,5.53994921875,3.8837890625,0.2173496164244887,0.1236898752972517,0.011,6.4692736,6.3309383,3.4552529296875,1.70703125,0.10076678953581633,0.050795930310987225,0.011,12.321592,11.399424,5.3916025390625,1.19921875,0.22084403986594908,0.05526934175435735,0.021,24425.783887147903,0,994,579,936,740,629,744
