,Method,Task 1 MSE,Task 1 Med MSE,Task 1 Avg Regret,Task 1 Med Regret,Task 1 Avg Relative Regret,Task 1 Med Relative Regret,Task 1 Optimality Rate,Task 2 MSE,Task 2 Med MSE,Task 2 Avg Regret,Task 2 Med Regret,Task 2 Avg Relative Regret,Task 2 Med Relative Regret,Task 2 Optimality Rate,Task 3 MSE,Task 3 Med MSE,Task 3 Avg Regret,Task 3 Med Regret,Task 3 Avg Relative Regret,Task 3 Med Relative Regret,Task 3 Optimality Rate,Elapsed,Elapsed Val,Task 1 Best MSE Count,Task 1 Best Regret Count,Task 2 Best MSE Count,Task 2 Best Regret Count,Task 3 Best MSE Count,Task 3 Best Regret Count
0,separated,51.719727,48.26348,0.6767666015625,0.0048828125,0.024637536615388013,0.00020758971218199875,0.028,2.5955024,2.564855,0.839083984375,0.005859375,0.02277121804077913,0.0001869061919615275,0.028,8.03728,6.694514,0.9542509765625,0.00390625,0.03825951215463014,0.00018576697172951301,0.046,16653.47651410103,0,0,795,702,771,29,770
1,comb,12.010662,12.226074,0.8373251953125,0.005859375,0.030841433604577816,0.00022202486510247588,0.035,6.6870346,6.752988,0.5733486328125,0.0048828125,0.016069903303117757,0.0001558613179717009,0.035,12.716362,10.571738,0.7177353515625,0.0029296875,0.0291727303910473,0.00013843427007107872,0.054,15963.120511770248,0,0,769,0,837,0,831
2,gradnorm,5.4500165,5.4709606,1.0612822265625,0.0087890625,0.03857663402782047,0.0002792805854301402,0.03,2.781364,2.7129526,0.7103330078125,0.0048828125,0.019191695167767024,0.00015500992014282565,0.034,6.218006,5.3629684,0.976404296875,0.0029296875,0.03764520298860335,0.00014376197023612067,0.05,20636.92528772354,0,1000,683,304,816,971,803
