,Method,Task 1 MSE,Task 1 Med MSE,Task 1 Avg Regret,Task 1 Med Regret,Task 1 Avg Relative Regret,Task 1 Med Relative Regret,Task 1 Optimality Rate,Task 2 MSE,Task 2 Med MSE,Task 2 Avg Regret,Task 2 Med Regret,Task 2 Avg Relative Regret,Task 2 Med Relative Regret,Task 2 Optimality Rate,Task 3 MSE,Task 3 Med MSE,Task 3 Avg Regret,Task 3 Med Regret,Task 3 Avg Relative Regret,Task 3 Med Relative Regret,Task 3 Optimality Rate,Elapsed,Elapsed Val,Task 1 Best MSE Count,Task 1 Best Regret Count,Task 2 Best MSE Count,Task 2 Best Regret Count,Task 3 Best MSE Count,Task 3 Best Regret Count
0,separated,53.480293,48.246895,0.4366103515625,0.0029296875,0.016427927683918736,0.00013387096720605913,0.039,2.1159077,2.0546646,0.622189453125,0.0048828125,0.017317211847073542,0.00016166580391378108,0.031,7.9849014,6.665602,0.8239833984375,0.0029296875,0.030516891725752796,0.000143348623552611,0.049,16252.114348888397,0,0,851,58,835,8,833
1,comb,6.2753353,6.3387117,0.7934013671875,0.0068359375,0.028972901893349338,0.0002526716203675288,0.041,2.1844249,2.0695906,0.6636494140625,0.0048828125,0.019827521278539397,0.00016770180210602036,0.031,10.317312,8.44917,0.71234375,0.0029296875,0.027402969620411874,0.00011627906907517577,0.06,15501.106444358826,0,978,699,166,826,18,865
2,gradnorm,9.38248,9.397684,0.7913212890625,0.0048828125,0.028818926340528378,0.0002087023377179886,0.031,1.7724239,1.8413099,0.8474443359375,0.005859375,0.024841837741587134,0.0001955419190247101,0.029,5.948041,5.0976863,1.0863544921875,0.00390625,0.040392625880240826,0.00016276041598849825,0.051,20206.123351812363,0,22,746,777,764,974,794
