,Method,Task 1 MSE,Task 1 Med MSE,Task 1 Avg Regret,Task 1 Med Regret,Task 1 Avg Relative Regret,Task 1 Med Relative Regret,Task 1 Optimality Rate,Task 2 MSE,Task 2 Med MSE,Task 2 Avg Regret,Task 2 Med Regret,Task 2 Avg Relative Regret,Task 2 Med Relative Regret,Task 2 Optimality Rate,Task 3 MSE,Task 3 Med MSE,Task 3 Avg Regret,Task 3 Med Regret,Task 3 Avg Relative Regret,Task 3 Med Relative Regret,Task 3 Optimality Rate,Elapsed,Elapsed Val,Task 1 Best MSE Count,Task 1 Best Regret Count,Task 2 Best MSE Count,Task 2 Best Regret Count,Task 3 Best MSE Count,Task 3 Best Regret Count
0,separated,24.255621,24.6763,3.6305224609375,1.205078125,0.13825902613466162,0.05514603172744141,0.012,6.1768594,6.106038,4.6420341796875,3.2998046875,0.13893415079654972,0.09190758715870131,0.007,10.906245,10.139156,6.4893857421875,2.0009765625,0.2569626229038651,0.08669354791609618,0.014,19289.087069272995,0,0,601,10,470,280,495
1,comb,12.712403,12.637936,4.2832265625,1.70166015625,0.16605952257666615,0.06924208389305703,0.008,14.579689,13.188479,3.1407216796875,1.6953125,0.094699855590087,0.04605691458929592,0.015,10.356218,10.49263,5.0394833984375,1.19921875,0.1975950354216139,0.05564975544638261,0.024,18720.323465824127,0,22,542,7,663,129,577
2,gradnorm,10.169843,10.199065,3.5583408203125,1.19970703125,0.13535090726522353,0.0512330993210898,0.019,4.3302608,4.2111797,2.9821064453125,1.60546875,0.08670740830686142,0.040829342311506346,0.014,9.683201,9.829748,4.7318564453125,0.8037109375,0.1856576239618214,0.040042859199552965,0.024,23174.795021772385,0,978,650,983,673,591,710
