,Method,Task 1 MSE,Task 1 Med MSE,Task 1 Avg Regret,Task 1 Med Regret,Task 1 Avg Relative Regret,Task 1 Med Relative Regret,Task 1 Optimality Rate,Task 2 MSE,Task 2 Med MSE,Task 2 Avg Regret,Task 2 Med Regret,Task 2 Avg Relative Regret,Task 2 Med Relative Regret,Task 2 Optimality Rate,Task 3 MSE,Task 3 Med MSE,Task 3 Avg Regret,Task 3 Med Regret,Task 3 Avg Relative Regret,Task 3 Med Relative Regret,Task 3 Optimality Rate,Elapsed,Elapsed Val,Task 1 Best MSE Count,Task 1 Best Regret Count,Task 2 Best MSE Count,Task 2 Best Regret Count,Task 3 Best MSE Count,Task 3 Best Regret Count
0,separated,54.702866,52.941544,1.3177802734375,0.0107421875,0.04927004468595866,0.0003022455739965392,0.021,3.2197032,3.2505069,1.0039912109375,0.0068359375,0.02884248641693311,0.0002196875619009407,0.026,8.40767,7.5827446,1.47719921875,0.013671875,0.05506429359464688,0.0003831315473372877,0.036,16909.09275007248,0,0,751,5,763,194,679
1,comb,7.381778,7.407033,2.1385546875,0.400390625,0.07763912663428314,0.017340702184143665,0.02,4.2962656,4.1747885,0.9747021484375,0.0068359375,0.027973713717502714,0.00022132445319850093,0.029,11.680379,9.830156,1.1488193359375,0.005859375,0.04359764722187443,0.00022529290031611637,0.044,16140.090546131134,0,0,580,20,756,23,782
2,gradnorm,5.3345537,5.2133684,1.6565986328125,0.02001953125,0.05910337815095345,0.0004440497310462537,0.026,2.1660712,2.278725,1.1193876953125,0.0078125,0.03163178608109533,0.00024829770838957044,0.028,6.2012444,6.185097,1.7563662109375,0.0078125,0.06772927068065406,0.000263991550486224,0.043,21016.134663581848,0,1000,672,976,732,783,727
